time,latitude,longitude,depth,mag,magType,nst,gap,dmin,rms,net,id,updated,place,type,horizontalError,depthError,magError,magNst,status,locationSource,magSource
1905-10-22T03:54:31.710Z,40.761,28.183,15,5.78,mw,,,,,iscgemsup,iscgemsup610548615,2022-05-09T15:23:29.292Z,"30 km SE of Marmara Ere?lisi, Turkey",earthquake,,3.9,0.52,,reviewed,iscgemsup,iscgemsup
1925-06-24T00:00:37.730Z,41.341,30.453,15,5.26,mw,,,,,iscgemsup,iscgemsup910557,2022-05-09T17:50:12.269Z,"26 km NE of Kefken, Turkey",earthquake,,25,0.4,,reviewed,iscgemsup,iscgemsup
1952-03-13T06:30:00.170Z,40.811,28.06,15,5.42,mw,,,,,iscgemsup,iscgemsup892627,2022-05-09T20:16:23.797Z,"19 km SSE of Marmara Ere?lisi, Turkey",earthquake,,3.9,0.24,,reviewed,iscgemsup,iscgemsup
1963-09-18T16:58:14.840Z,40.698,29.159,30,6.14,mw,,,,,iscgem,iscgem873085,2022-04-27T00:27:23.880Z,"4 km N of Koruköy, Turkey",earthquake,,4.9,0.2,,reviewed,iscgem,iscgem
1974-09-13T12:10:02.500Z,40.791,28.174,15,3.6,mb,,,,,us,usp0000810,2014-11-06T23:21:26.289Z,"27 km SE of Marmara Ere?lisi, Turkey",earthquake,,,,,reviewed,us,us
1981-03-12T04:05:59.180Z,40.801,28.109,10,5,ms,,,,1.2,us,usp0001cnj,2014-11-07T00:29:04.020Z,"22 km SE of Marmara Ere?lisi, Turkey",earthquake,,,,1,reviewed,us,us
1981-05-03T20:41:10.440Z,40.799,28.142,23.7,4.2,mb,,,,0.7,us,usp0001dgz,2014-11-07T00:29:24.600Z,"24 km SE of Marmara Ere?lisi, Turkey",earthquake,,1.9,,4,reviewed,us,us
1983-11-16T04:45:21.500Z,40.664,30.416,10,3.7,mb,,,,1.1,us,usp0001zvc,2014-11-07T00:34:08.394Z,"10 km WNW of Karapürçek, Turkey",earthquake,,,,1,reviewed,us,us
1984-05-26T08:39:35.570Z,40.656,30.324,7.4,4.1,mb,,,,1,us,usp00024n3,2014-11-07T00:34:56.334Z,"6 km SE of Sapanca, Turkey",earthquake,,2,,4,reviewed,us,us
1984-08-27T06:32:12.080Z,40.72,30.062,11.6,4,mb,,,,1.1,us,usp00026s9,2014-11-07T00:35:20.366Z,"5 km ESE of Köseköy, Turkey",earthquake,,2.3,,1,reviewed,us,us
1985-04-11T13:11:46.490Z,40.688,28.874,10,4.3,mb,,,,1,us,usp0002dq4,2014-11-07T00:36:26.349Z,"14 km WNW of Kocadere, Turkey",earthquake,,,,1,reviewed,us,us
1985-09-14T15:23:09.510Z,40.752,29.163,11.1,4.7,mb,,,,0.5,us,usp0002jrz,2014-11-07T00:37:10.154Z,"10 km N of Koruköy, Turkey",earthquake,,6.4,,1,reviewed,us,us
1986-06-27T18:33:37.170Z,40.889,28.285,9.6,4.1,mb,,,,1,us,usp0002vfp,2014-11-07T00:38:35.280Z,"19 km SSW of Selimpa?a, Turkey",earthquake,,2.2,,17,reviewed,us,us
1986-10-26T04:49:31.790Z,40.751,28.994,31.5,4.1,ml,,,,1.1,us,usp0002zc5,2014-11-07T00:39:11.873Z,"13 km NNW of Kocadere, Turkey",earthquake,,7.1,,,reviewed,us,ath
1988-04-24T20:49:33.600Z,40.857,28.227,15.6,5.3,mw,,,,1.2,us,usp0003fax,2022-04-28T20:50:12.025Z,"24 km S of Silivri, Turkey",earthquake,,3.1,,,reviewed,us,hrv
1988-09-06T15:04:09.100Z,40.686,29.896,22.4,3.9,mb,,,,1,us,usp0003kqz,2014-11-07T00:42:47.629Z,Western Turkey,earthquake,,3.5,,8,reviewed,us,us
1989-04-05T12:47:32.510Z,40.852,30.471,10,3.8,mb,,,,1,us,usp0003tms,2014-11-07T00:43:56.394Z,"5 km S of Sö?ütlü, Turkey",earthquake,,,,2,reviewed,us,us
1990-06-10T11:36:45.280Z,41.252,29.328,17.8,3.9,mb,,,,1.2,us,usp0004abn,2014-11-07T00:46:30.794Z,"25 km WNW of ?ile, Turkey",earthquake,,4.8,,22,reviewed,us,us
1991-01-06T15:24:33.640Z,40.745,28.616,12.3,3.6,md,,,,0.6,us,usp0004ka7,2014-11-07T00:47:47.074Z,"26 km S of Beylikdüzü, Turkey",earthquake,,2.4,,,reviewed,us,isk
1991-01-07T05:15:15.350Z,40.687,28.556,19.1,4,md,,,,0.8,us,usp0004kb0,2014-11-07T00:47:47.706Z,"33 km SSW of Beylikdüzü, Turkey",earthquake,,2.8,,,reviewed,us,isk
1991-02-12T09:54:58.390Z,40.816,28.878,10,4.8,mb,,,,1.3,us,usp0004muy,2020-08-29T00:30:54.679Z,"18 km SW of K?nal?, Turkey",earthquake,,,,43,reviewed,us,us
1991-03-03T08:39:26.480Z,40.623,29.017,21,4.5,mb,,,,1.1,us,usp0004nme,2014-11-07T00:48:09.109Z,"1 km SW of Kocadere, Turkey",earthquake,,2.4,,35,reviewed,us,us
1992-05-25T08:51:15.680Z,40.76,29.648,9.6,3.6,m,,,,0.4,us,usp000581t,2014-11-07T00:50:41.202Z,"6 km E of Tav?anc?l, Turkey",earthquake,,2.7,,,reviewed,us,dda
1992-11-16T11:31:49.970Z,41.267,29.961,10,3.6,md,,,,0.8,us,usp0005gxx,2014-11-07T00:51:52.143Z,"16 km NNE of A?va, Turkey",earthquake,,,,,reviewed,us,isk
1993-01-23T15:32:44.610Z,40.795,28.771,7.5,3.6,md,,,,0.7,us,usp0005m52,2014-11-07T00:52:16.303Z,"22 km SSE of Yakuplu, Turkey",earthquake,,3.5,,,reviewed,us,isk
1993-09-28T00:07:42.200Z,40.628,29.797,7,3.6,ml,,,,0.9,us,usp0006156,2014-11-07T00:54:03.282Z,"7 km SSW of ?hsaniye, Turkey",earthquake,,3.1,,,reviewed,us,isk
1993-12-09T11:15:03.070Z,40.731,29.801,10,3.6,m,,,,0.9,us,usp00064wm,2014-11-07T00:54:34.755Z,"2 km NW of Gölcük, Turkey",earthquake,,,,,reviewed,us,dda
1994-04-20T09:03:24.610Z,40.768,28.633,10,3.5,ml,,,,0.8,us,usp0006bc8,2014-11-07T00:55:19.539Z,"23 km S of Beylikdüzü, Turkey",earthquake,,,,,reviewed,us,isk
1994-05-02T23:00:24.250Z,40.773,29.078,10,3.6,ml,,,,0.8,us,usp0006byb,2014-11-07T00:55:25.351Z,"11 km S of Adalan, Turkey",earthquake,,,,,reviewed,us,isk
1994-05-28T18:01:19.000Z,40.675,29.878,12.6,3.9,mb,,,,0.8,us,usp0006dae,2014-11-07T00:55:32.371Z,"3 km WNW of Bahçecik, Turkey",earthquake,,2,,7,reviewed,us,us
1994-06-12T11:01:44.430Z,40.647,29.924,10,3.5,ml,,,,0.7,us,usp0006e5a,2014-11-07T00:55:41.597Z,"2 km SSE of Bahçecik, Turkey",earthquake,,,,,reviewed,us,isk
1994-06-16T07:49:02.810Z,40.681,30.303,10,3.5,ml,,,,0.6,us,usp0006ece,2014-11-07T00:55:42.485Z,"3 km ESE of Sapanca, Turkey",earthquake,,,,,reviewed,us,isk
1994-06-22T19:06:20.880Z,40.719,30.13,10,3.6,ml,,,,0.9,us,usp0006epr,2014-11-07T00:55:44.120Z,"10 km ESE of Köseköy, Turkey",earthquake,,,,,reviewed,us,isk
1994-07-14T21:17:52.990Z,40.805,28.187,10,3.5,ml,,,,1.2,us,usp0006fpf,2014-11-07T00:55:52.147Z,"26 km SE of Marmara Ere?lisi, Turkey",earthquake,,,,,reviewed,us,isk
1994-08-03T17:06:26.250Z,40.72,29.888,10,3.5,ml,,,,0.5,us,usp0006ggc,2014-11-07T00:55:59.632Z,"5 km WNW of Kar??yaka, Turkey",earthquake,,,,,reviewed,us,isk
1994-08-12T16:15:37.970Z,40.64,29.554,10,3.6,ml,,,,0.7,us,usp0006gw1,2014-11-07T00:56:02.541Z,"3 km N of Yalakdere, Turkey",earthquake,,,,,reviewed,us,isk
1995-04-06T17:27:25.130Z,40.851,28.315,10,3.5,md,,,,0.6,us,usp0006v9g,2014-11-07T00:57:40.047Z,"23 km S of Selimpa?a, Turkey",earthquake,,,,,reviewed,us,isk
1996-02-14T01:35:49.430Z,40.716,30.026,10,3.5,md,,,,0.5,us,usp0007cvw,2014-11-07T00:59:53.326Z,"3 km SSE of Köseköy, Turkey",earthquake,,,,,reviewed,us,isk
1997-03-29T21:20:58.340Z,40.72,29.958,10,3.5,md,,,,0.42,us,usp0007zpn,2014-11-07T01:02:24.252Z,"2 km W of Kullar, Turkey",earthquake,,,,,reviewed,us,isk
1998-11-11T11:33:55.150Z,40.665,29.947,10,3.5,md,,,,0.67,us,usp0008y0q,2014-11-07T01:06:26.301Z,"2 km E of Bahçecik, Turkey",earthquake,,,,,reviewed,us,isk
1999-08-17T00:01:39.130Z,40.748,29.864,17,7.6,mwc,,,,1.27,us,usp0009d4z,2022-04-29T18:16:20.188Z,"4 km ESE of Derince, Turkey",earthquake,,,,,reviewed,us,hrv
1999-08-17T00:16:26.150Z,40.741,29.97,10,5,mb,,,,1.3,us,usp0009d53,2014-11-07T01:08:16.895Z,"2 km NW of Kullar, Turkey",earthquake,,,,38,reviewed,us,us
1999-08-17T00:21:05.490Z,40.653,30.435,10,4.6,mb,,,,1.02,us,usp0009d54,2014-11-07T01:08:16.900Z,"8 km W of Karapürçek, Turkey",earthquake,,,,15,reviewed,us,us
1999-08-17T00:34:48.120Z,40.722,29.947,10,4.1,mb,,,,1.36,us,usp0009d58,2014-11-07T01:08:16.908Z,Western Turkey,earthquake,,,,8,reviewed,us,us
1999-08-17T00:57:42.390Z,40.711,29.801,10,4.1,mb,,,,1.01,us,usp0009d5b,2014-11-07T01:08:16.916Z,"1 km WSW of Gölcük, Turkey",earthquake,,,,30,reviewed,us,us
1999-08-17T01:07:52.060Z,40.7,30.018,10,4.6,mb,,,,1.13,us,usp0009d5c,2014-11-07T01:08:16.920Z,"3 km SE of Kullar, Turkey",earthquake,,,,58,reviewed,us,us
1999-08-17T01:31:57.420Z,40.7,29.061,10,4.2,mb,,,,1.53,us,usp0009d5d,2014-11-07T01:08:16.933Z,"8 km NW of Ç?narc?k, Turkey",earthquake,,,,25,reviewed,us,us
1999-08-17T01:33:07.400Z,40.648,29.117,10,4.6,mb,,,,1.32,us,usp0009d5e,2014-11-07T01:08:16.938Z,"0 km WNW of Ç?narc?k, Turkey",earthquake,,,,41,reviewed,us,us
1999-08-17T01:47:05.350Z,40.96,28.985,10,4,mb,,,,1.09,us,usp0009d5g,2014-11-07T01:08:16.949Z,"6 km S of Eminönü, Turkey",earthquake,,,,4,reviewed,us,us
1999-08-17T02:16:25.390Z,40.945,30.241,10,3.9,mb,,,,1.37,us,usp0009d5n,2014-11-07T01:08:16.960Z,"11 km SSW of Kaynarca, Turkey",earthquake,,,,2,reviewed,us,us
1999-08-17T02:23:13.720Z,40.709,29.11,10,4.2,mb,,,,1.48,us,usp0009d5p,2014-11-07T01:08:16.962Z,"7 km N of Ç?narc?k, Turkey",earthquake,,,,14,reviewed,us,us
1999-08-17T02:50:45.430Z,40.715,30.113,10,4.9,mb,,,,1.08,us,usp0009d5t,2022-04-29T18:16:22.724Z,"9 km ESE of Köseköy, Turkey",earthquake,,,,57,reviewed,us,us
1999-08-17T03:23:14.620Z,40.755,30.3,10,4.2,mb,,,,1,us,usp0009d5x,2014-11-07T01:08:17.030Z,"7 km NNE of Sapanca, Turkey",earthquake,,,,23,reviewed,us,us
1999-08-17T03:43:05.510Z,40.727,30.389,10,4.1,mb,,,,0.94,us,usp0009d5y,2014-11-07T01:08:17.034Z,"6 km SSW of Adapazar?, Turkey",earthquake,,,,24,reviewed,us,us
1999-08-17T04:14:22.950Z,40.694,29.194,10,4.2,mb,,,,1.36,us,usp0009d61,2014-11-07T01:08:17.044Z,"5 km NNE of Koruköy, Turkey",earthquake,,,,21,reviewed,us,us
1999-08-17T04:39:58.130Z,40.739,30.408,10,4.1,mb,,,,0.99,us,usp0009d68,2014-11-07T01:08:17.074Z,"4 km S of Adapazar?, Turkey",earthquake,,,,25,reviewed,us,us
1999-08-17T05:10:08.440Z,40.845,30.347,10,4.6,mb,,,,1.05,us,usp0009d6b,2014-11-07T01:08:17.089Z,"8 km NNW of Adapazar?, Turkey",earthquake,,,,60,reviewed,us,us
1999-08-17T05:45:22.410Z,40.739,30.203,10,4.1,mb,,,,1.36,us,usp0009d6c,2014-11-07T01:08:17.099Z,"7 km NW of Sapanca, Turkey",earthquake,,,,12,reviewed,us,us
1999-08-17T05:54:47.040Z,40.957,28.482,10,3.9,mb,,,,1.38,us,usp0009d6e,2014-11-07T01:08:17.105Z,"7 km S of Kumburgaz, Turkey",earthquake,,,,2,reviewed,us,us
1999-08-17T06:01:32.550Z,40.736,29.964,10,4,mb,,,,0.96,us,usp0009d6g,2014-11-07T01:08:17.108Z,"2 km WNW of Kullar, Turkey",earthquake,,,,13,reviewed,us,us
1999-08-17T09:31:56.560Z,40.902,30.261,10,4.1,mb,,,,1.52,us,usp0009d6y,2014-11-07T01:08:17.153Z,"14 km SSW of Kaynarca, Turkey",earthquake,,,,10,reviewed,us,us
1999-08-17T10:46:41.310Z,40.711,29.942,10,4.5,mb,,,,0.68,us,usp0009d72,2014-11-07T01:08:17.167Z,"1 km N of Kar??yaka, Turkey",earthquake,,,,1,reviewed,us,us
1999-08-17T13:10:23.290Z,40.642,29.965,10,3.9,mb,,,,0.72,us,usp0009d77,2014-11-07T01:08:17.189Z,"5 km S of Yuvac?k, Turkey",earthquake,,,,1,reviewed,us,us
1999-08-17T14:35:08.330Z,40.98,30.345,10,3.7,mb,,,,1.5,us,usp0009d7d,2014-11-07T01:08:17.203Z,"6 km SSE of Kaynarca, Turkey",earthquake,,,,2,reviewed,us,us
1999-08-17T17:09:13.290Z,40.687,30.425,10,3.8,mb,,,,1.01,us,usp0009d7u,2014-11-07T01:08:17.259Z,"10 km S of Adapazar?, Turkey",earthquake,,,,2,reviewed,us,us
1999-08-17T18:35:24.140Z,40.597,29.086,10,4,md,,,,1.04,us,usp0009d7x,2014-11-07T01:08:17.264Z,"5 km SE of Kocadere, Turkey",earthquake,,,,,reviewed,us,isk
1999-08-17T20:30:40.930Z,40.721,29.287,19.4,3.8,mb,,,,,us,usp0009d82,2014-11-07T01:08:17.277Z,"7 km N of Yalova, Turkey",earthquake,,,,9,reviewed,isk,us
1999-08-17T21:47:38.840Z,40.763,30.079,10,4.1,mb,,,,1.18,us,usp0009d88,2014-11-07T01:08:17.294Z,"6 km ENE of Köseköy, Turkey",earthquake,,,,2,reviewed,us,us
1999-08-19T14:15:58.840Z,40.608,29.2,10,4.5,mb,,,,1.35,us,usp0009dav,2014-11-07T01:08:17.608Z,"2 km WSW of Kad?köy, Turkey",earthquake,,,,39,reviewed,us,us
1999-08-19T15:17:45.040Z,40.618,29.138,10,5.2,mwc,,,,1.19,us,usp0009daz,2022-04-29T17:49:28.173Z,"3 km SSE of Ç?narc?k, Turkey",earthquake,,,,,reviewed,us,hrv
1999-08-19T15:26:22.260Z,40.652,29.152,10,3.8,mb,,,,1.03,us,usp0009db0,2014-11-07T01:08:17.645Z,"0 km WSW of Koruköy, Turkey",earthquake,,,,5,reviewed,us,us
1999-08-20T00:03:01.960Z,40.72,29.994,10,4.1,mb,,,,1.19,us,usp0009dbt,2014-11-07T01:08:17.932Z,"0 km SE of Kullar, Turkey",earthquake,,,,13,reviewed,us,us
1999-08-20T09:48:36.740Z,40.694,29.708,10,4,mb,,,,1.49,us,usp0009dcd,2014-11-07T01:08:18.193Z,"1 km SE of Ula?l?, Turkey",earthquake,,,,2,reviewed,us,us
1999-08-20T20:12:42.130Z,40.599,29.159,10,3.9,mb,,,,1.09,us,usp0009ddj,2014-11-07T01:08:18.350Z,"5 km SSE of Ç?narc?k, Turkey",earthquake,,,,9,reviewed,us,us
1999-08-21T10:01:27.580Z,40.658,29.293,10,3.8,mb,,,,1.27,us,usp0009dej,2014-11-07T01:08:18.805Z,"1 km ENE of Yalova, Turkey",earthquake,,,,7,reviewed,us,us
1999-08-23T21:54:51.570Z,40.615,29.162,10,4.1,mb,,,,1.07,us,usp0009dj1,2014-11-07T01:08:19.563Z,"4 km S of Koruköy, Turkey",earthquake,,,,5,reviewed,us,us
1999-08-24T18:58:57.490Z,40.659,30.16,10,4.2,mb,,,,1.24,us,usp0009dk4,2014-11-07T01:08:19.782Z,"9 km WSW of Sapanca, Turkey",earthquake,,,,2,reviewed,us,us
1999-08-26T17:49:38.080Z,40.744,30.016,10,4.8,mb,,,,1.08,us,usp0009dpe,2014-11-07T01:08:20.205Z,"0 km ENE of Köseköy, Turkey",earthquake,,,,1,reviewed,us,us
1999-08-28T08:27:47.960Z,40.818,29.871,10,3.5,mb,,,,0.67,us,usp0009drc,2014-11-07T01:08:20.925Z,"7 km NW of ?zmit, Turkey",earthquake,,,,1,reviewed,us,us
1999-08-30T15:24:37.140Z,40.75,29.266,8.5,3.5,md,,,,,us,usp0009duj,2014-11-07T01:08:21.362Z,"10 km N of Yalova, Turkey",earthquake,,,,,reviewed,isk,isk
1999-08-31T08:10:49.530Z,40.711,29.949,10,5.2,mwc,,,,1.04,us,usp0009dv7,2022-04-29T18:17:12.787Z,"2 km NNE of Kar??yaka, Turkey",earthquake,,,,,reviewed,us,hrv
1999-08-31T08:33:23.830Z,40.708,29.954,10,4.5,mb,,,,1.13,us,usp0009dv9,2014-11-07T01:08:21.441Z,"1 km NNE of Kar??yaka, Turkey",earthquake,,,,76,reviewed,us,us
1999-09-04T10:30:46.410Z,40.741,30.032,17.3,4,mb,,,,,us,usp0009e0f,2014-11-07T01:08:26.074Z,"2 km E of Köseköy, Turkey",earthquake,,,,2,reviewed,isk,us
1999-09-09T01:32:08.120Z,40.718,29.144,13.1,5,mb,,,,,us,usp0009e74,2014-11-07T01:08:27.645Z,"7 km NNW of Koruköy, Turkey",earthquake,,,,4,reviewed,isk,us
1999-09-13T11:55:28.180Z,40.709,30.045,13,5.9,mwb,,,,0.93,us,usp0009ede,2022-04-29T18:17:56.667Z,"4 km SE of Köseköy, Turkey",earthquake,,,,,reviewed,us,us
1999-09-17T19:50:04.880Z,40.711,30.154,10,4.3,mb,,,,1.08,us,usp0009ejg,2014-11-07T01:08:29.636Z,"9 km WNW of Sapanca, Turkey",earthquake,,,,21,reviewed,us,us
1999-09-18T00:48:24.660Z,40.607,29.297,10,4.5,mb,,,,1.05,us,usp0009ejt,2014-11-07T01:08:29.881Z,"5 km SSE of Yalova, Turkey",earthquake,,,,47,reviewed,us,us
1999-09-24T13:44:49.780Z,40.804,30.297,10,3.8,md,,,,,us,usp0009eyf,2014-11-07T01:08:31.591Z,"9 km WNW of Adapazar?, Turkey",earthquake,,,,,reviewed,isk,isk
1999-09-29T00:13:05.580Z,40.739,29.346,10,5.2,mwc,,,,1.23,us,usp0009f5w,2022-04-29T18:19:07.304Z,"8 km NNW of Ta?köprü, Turkey",earthquake,,,,,reviewed,us,hrv
1999-10-11T02:47:47.140Z,40.667,29.048,0.1,3.9,md,,,,,us,usp0009fpt,2014-11-07T01:08:41.310Z,"4 km NNE of Kocadere, Turkey",earthquake,,,,,reviewed,isk,isk
1999-10-14T14:20:33.560Z,40.735,30.404,0.3,3.6,md,,,,,us,usp0009fu1,2014-11-07T01:08:41.812Z,"5 km S of Adapazar?, Turkey",earthquake,,,,,reviewed,isk,isk
1999-10-20T23:08:19.540Z,40.77,29.087,10,4.6,mb,,,,1.27,us,usp0009gax,2014-11-07T01:08:45.133Z,"11 km SSW of Adalar, Turkey",earthquake,,,,42,reviewed,us,us
1999-11-07T11:15:36.460Z,40.745,30.227,10,3.8,mb,,,,0.79,us,usp0009h7e,2014-11-07T01:08:55.594Z,"6 km NNW of Sapanca, Turkey",earthquake,,,,1,reviewed,us,us
1999-11-11T14:41:25.610Z,40.744,30.266,22,5.7,mwb,,,,,us,usp0009hd3,2022-04-29T18:11:00.581Z,"5 km N of Sapanca, Turkey",earthquake,,,,,reviewed,isk,us
1999-11-11T14:55:24.320Z,40.784,30.448,10,4.1,mb,,,,1.27,us,usp0009hd6,2014-11-07T01:08:57.118Z,"3 km E of Adapazar?, Turkey",earthquake,,,,12,reviewed,us,us
2000-01-31T14:38:51.280Z,40.713,29.345,10,4.1,mb,,,,1.29,us,usp0009mw9,2014-11-07T01:09:22.981Z,"5 km NW of Ta?köprü, Turkey",earthquake,,,,14,reviewed,us,us
2000-02-09T16:41:32.490Z,40.717,29.924,10,3.7,mb,,,,1.05,us,usp0009n8n,2014-11-07T01:09:29.091Z,"2 km NNW of Kar??yaka, Turkey",earthquake,,,,2,reviewed,us,us
2000-04-02T18:57:38.300Z,40.803,30.244,7,4.6,mb,,,,,us,usp0009qqa,2014-11-07T01:09:50.499Z,"12 km N of Sapanca, Turkey",earthquake,,,,46,reviewed,isk,us
2000-07-07T00:15:30.990Z,40.837,29.218,8.8,4.2,mb,89,,,,us,usp0009vyh,2020-07-08T00:58:03.760Z,"7 km W of ?çmeler, Turkey",earthquake,,,,34,reviewed,isk,us
2000-09-06T14:22:59.290Z,40.648,29.193,7.8,3.6,mb,21,,,,us,usp0009zt6,2014-11-07T01:11:03.142Z,"2 km ESE of Koruköy, Turkey",earthquake,,,,1,reviewed,isk,us
2000-09-19T09:22:45.820Z,40.739,29.224,10,3.6,mb,30,,,0.88,us,usp000a0gr,2014-11-07T01:11:05.998Z,"10 km NNW of Yalova, Turkey",earthquake,,,,1,reviewed,us,us
2000-11-23T18:26:09.920Z,40.727,30.417,11.9,3.9,mb,44,,,,us,usp000a4s1,2014-11-07T01:11:33.216Z,"6 km S of Adapazar?, Turkey",earthquake,,,,1,reviewed,isk,us
2001-01-16T03:33:02.470Z,40.916,29.097,10,3.8,mb,41,,,1.21,us,usp000a7s8,2014-11-07T01:11:56.127Z,"3 km ENE of K?nal?, Turkey",earthquake,,,,1,reviewed,us,us
2002-02-28T08:37:51.270Z,40.819,28.123,9.7,3.9,mb,41,,,,us,usp000azbk,2014-11-07T01:14:58.542Z,Western Turkey,earthquake,,,,1,reviewed,isk,us
2002-11-03T18:17:08.600Z,41.03,28.04,45,3.6,md,13,,,,us,usp000bg03,2014-11-07T01:16:56.977Z,"4 km ENE of Sultanköy, Turkey",earthquake,,,,,reviewed,ath,ath
2004-05-16T03:30:48.790Z,40.696,29.322,11,4.4,mb,174,13.7,,,us,usp000cv63,2014-11-07T01:22:19.425Z,"3 km N of Çiftlikköy, Turkey",earthquake,,,,15,reviewed,isk,us
2004-09-29T15:42:07.670Z,40.781,29.02,12.5,4,ml,48,48.4,,,us,usp000d5at,2014-11-07T01:23:35.183Z,"12 km SSW of Adalan, Turkey",earthquake,,,,,reviewed,isk,isk
2005-11-26T22:27:49.000Z,40.663,29.081,9.1,3.7,md,8,134.1,,,us,usp000e4z4,2014-11-07T01:27:44.185Z,"4 km WNW of Ç?narc?k, Turkey",earthquake,,,,,reviewed,isk,ath
2006-02-08T04:07:41.620Z,40.704,30.352,8.8,4.6,mb,75,61.3,,,us,usp000e9rd,2014-11-07T01:28:17.355Z,"7 km E of Sapanca, Turkey",earthquake,,,,8,reviewed,isk,us
2006-02-08T05:24:25.870Z,40.69,30.349,10.7,3.8,md,26,67.6,,,us,usp000e9rj,2014-11-07T01:28:17.393Z,"6 km E of Sapanca, Turkey",earthquake,,,,,reviewed,isk,ath
2007-08-01T19:03:09.850Z,40.754,30.082,10,3.9,ml,14,106.3,,1.06,us,usp000fhmg,2014-11-07T01:33:09.354Z,"6 km ENE of Köseköy, Turkey",earthquake,,,,,reviewed,us,isk
2008-03-12T18:53:31.000Z,40.621,29.011,11.2,4.3,mb,176,24,,,us,usp000g1ba,2022-07-13T20:44:14.415Z,,earthquake,,,,16,reviewed,isk,us
2008-10-05T06:04:05.000Z,40.65,29.017,8.5,4.1,ml,18,53.6,,,us,usp000gjc6,2014-11-07T01:37:23.826Z,"2 km NNW of Kocadere, Turkey",earthquake,,,,,reviewed,isk,isk
2008-10-22T01:00:35.000Z,40.748,29.174,9.4,3.6,ml,10,123.8,,,us,usp000gksg,2014-11-07T01:37:31.232Z,"10 km N of Koruköy, Turkey",earthquake,,,,,reviewed,isk,isk
2010-05-15T14:08:23.000Z,41.183,30.121,8.9,4.3,ml,45,54,,,us,usp000hcss,2014-11-07T01:41:29.464Z,"9 km W of Kefken, Turkey",earthquake,,,,,reviewed,isk,isk
2010-10-03T17:49:02.960Z,40.847,28.11,11.2,4.4,mb,35,48.5,,,us,usp000hmjk,2014-11-07T01:42:38.493Z,"18 km SE of Marmara Ere?lisi, Turkey",earthquake,,,,5,reviewed,isk,us
2011-01-20T02:09:37.000Z,40.71,29.763,11.8,4.1,mb,57,48.6,,,us,usp000htcm,2014-11-07T01:43:27.831Z,"1 km SE of Hal?dere, Turkey",earthquake,,,,4,reviewed,isk,us
2014-02-05T01:56:44.100Z,41.3725,28.6327,12,3.8,ml,,,,0.77,us,usc000mj1p,2014-04-22T18:30:05.000Z,"8 km NNW of Durusu, Turkey",earthquake,,5.4,,,reviewed,isk,isk
2014-08-03T22:22:45.390Z,40.6243,29.2073,10.04,4,mb,,40,1.524,0.92,us,usb000rzq2,2022-08-07T00:53:33.636Z,"1 km WNW of Kad?köy, Turkey",earthquake,,5,0.126,17,reviewed,us,us
2015-11-16T15:45:44.660Z,40.8751,28.7644,9.27,4.4,mb,,54,1.407,0.76,us,us10003ypf,2022-08-01T18:08:07.598Z,"14 km SSE of Yakuplu, Turkey",earthquake,4.8,3.5,0.239,5,reviewed,us,us
2016-06-25T05:40:11.000Z,40.7032,29.2147,6.8,4.1,mb,,,,0.83,us,us200066rf,2016-08-31T03:08:15.040Z,"6 km NE of Koruköy, Turkey",earthquake,5.2,5.7,0.158,11,reviewed,isk,us
2016-07-17T08:55:41.580Z,40.7118,29.18,7.4,4.2,mb,,,,0.65,us,us20006fbz,2016-09-17T01:27:48.040Z,"6 km NNE of Koruköy, Turkey",earthquake,5,5.3,0.305,3,reviewed,isk,us
2018-11-30T02:36:35.720Z,40.595,28.955,10,4.2,mb,,44,1.713,1.19,us,us1000hy6z,2019-02-09T19:02:08.040Z,"7 km WSW of Kocadere, Turkey",earthquake,5.3,1.9,0.215,6,reviewed,us,us
2018-12-20T06:34:25.190Z,40.6063,28.9761,10,4.3,mb,,24,0.714,0.67,us,us2000iv9d,2019-02-23T20:20:44.040Z,"5 km WSW of Kocadere, Turkey",earthquake,2.1,1.9,0.138,15,reviewed,us,us
2019-09-24T08:00:24.160Z,40.8578,28.1454,10,4.9,mb,,39,1.592,1.23,us,us60005mmr,2019-12-20T19:02:02.040Z,"20 km SE of Marmara Ere?lisi, Turkey",earthquake,5.1,1.9,0.067,70,reviewed,us,us
2019-09-26T10:59:25.648Z,40.9035,28.1502,8,5.7,mww,,19,1.595,0.9,us,us70005lkl,2023-02-16T23:32:27.836Z,"17 km ESE of Marmara Ere?lisi, Turkey",earthquake,5.2,1.8,0.033,88,reviewed,us,us
2019-09-26T11:26:37.619Z,40.8568,28.1814,10,4.4,mb,,56,1.619,0.81,us,us70005ll1,2019-12-20T19:02:49.040Z,"22 km ESE of Marmara Ere?lisi, Turkey",earthquake,5.6,1.9,0.19,8,reviewed,us,us
2019-09-26T20:02:41.002Z,40.849,28.1699,10,4.5,mb,,73,1.611,1.01,us,us70005s19,2019-12-20T19:04:23.040Z,"22 km SE of Marmara Ere?lisi, Turkey",earthquake,5.7,1.9,0.542,1,reviewed,us,us
2019-09-26T20:20:18.595Z,40.8151,28.1964,10,4.3,mb,,46,1.632,0.56,us,us70005lyy,2019-12-20T19:02:59.040Z,"26 km SE of Marmara Ere?lisi, Turkey",earthquake,5.4,2,0.308,3,reviewed,us,us
2019-10-10T16:52:03.151Z,40.7283,29.2125,10,4.3,mb,,55,1.272,0.69,us,us70005t3c,2019-12-28T20:45:47.040Z,"9 km NNE of Koruköy, Turkey",earthquake,3.7,1.9,0.306,3,reviewed,us,us
2020-01-11T13:37:37.109Z,40.9289,28.2394,10,4.9,mb,,24,1.316,0.76,us,us70006ye3,2020-04-14T00:07:22.846Z,"16 km S of Silivri, Turkey",earthquake,5.5,1.9,0.047,140,reviewed,us,us
2020-03-08T04:21:05.388Z,40.7105,29.2313,10,4.4,mb,,51,1.249,0.75,us,us60008bx1,2020-05-23T22:03:32.040Z,"7 km NNW of Yalova, Turkey",earthquake,4.1,1.9,0.203,7,reviewed,us,us
2020-09-24T13:38:30.435Z,40.8777,28.0878,10,4.4,mb,,65,1.237,1.22,us,us6000c0iv,2021-12-14T16:54:40.609Z,"15 km SE of Marmara Ere?lisi, Turkey",earthquake,3.9,1.9,0.219,6,reviewed,us,us
2021-06-19T12:07:52.133Z,40.9881,29.1424,9.81,3.5,ml,,87,1.492,0.99,us,us7000ef27,2021-08-27T18:57:35.040Z,"2 km ENE of Ata?ehir, Turkey",earthquake,4.5,7.3,0.077,22,reviewed,us,us
